{
    "loss": 0.14891032874584198,
    "accuracy": 0.8823529481887817
}